{
    "TIMESTAMP": "2026-03-18 15:41:21",
    "BEST_SCORE": 0.13166863157894737,
    "SAMPLES_USED": 1500,
    "TIRE_MODEL": {
        "SOFT": {
            "base_delta": -4.661582615238345,
            "deg_linear": 0.12505376851911684,
            "deg_quadratic": 0.009040518098864976,
            "temp_deg_coeff": -0.014152661754344261,
            "threshold": 10.0
        },
        "MEDIUM": {
            "base_delta": -3.130694207416993,
            "deg_linear": 0.30983455124425646,
            "deg_quadratic": 0.009670785558319298,
            "temp_deg_coeff": 0.005706425089244008,
            "threshold": 20.0
        },
        "HARD": {
            "base_delta": -1.9139966639319566,
            "deg_linear": 0.49308330260822847,
            "deg_quadratic": 0.003656019986952338,
            "temp_deg_coeff": -0.002260058774779698,
            "threshold": 30.0
        }
    },
    "TEMP_REFERENCE_C": 59.91654851413806
}